"","X","id","DateTime","lat","lon","qi","sigmam2"
"1",1,45513,2020-08-27 09:00:04,-45.77422,170.60089,6,NA
"2",2,45513,2020-08-27 12:00:09,-45.77619,170.60026,3,NA
"3",3,45513,2020-08-27 15:00:02,-45.77621,170.60051,7,172.314542507217
"4",4,45513,2020-08-27 18:00:03,-45.77412,170.60082,5,145.420280836016
"5",5,45513,2020-08-28 00:00:06,-45.77569,170.60031,4,173.157127044363
"6",6,45513,2020-08-28 03:00:06,-45.7746,170.59777,4,164.45065938088
"7",7,45513,2020-08-28 06:00:06,-45.77432,170.60093,6,128.035310885346
"8",8,45513,2020-08-28 09:00:05,-45.77464,170.59965,4,117.511149213729
"9",9,45513,2020-08-28 12:00:05,-45.77482,170.60009,6,82.1186193383162
"10",10,45513,2020-08-28 15:00:02,-45.77617,170.60053,6,73.2335869056689
"11",11,45513,2020-08-28 17:59:59,-45.7742,170.60097,6,72.2711377854637
"12",12,45513,2020-08-28 21:00:04,-45.77418,170.60015,3,102.363436454509
"13",13,45513,2020-08-29 00:00:04,-45.77297,170.60171,3,76.1304469137856
"14",14,45513,2020-08-29 03:00:03,-45.77416,170.60174,6,89.9066031481662
"15",15,45513,2020-08-29 05:59:56,-45.77615,170.60077,6,87.1081681890439
"16",16,45513,2020-08-29 09:00:02,-45.77475,170.6007,4,19.7100553491849
"17",17,45513,2020-08-29 11:59:57,-45.77466,170.60116,5,33.4886609314624
"18",18,45513,2020-08-29 14:59:56,-45.77431,170.60024,5,38.8419610111388
"19",19,45513,2020-08-29 18:00:01,-45.77435,170.60182,5,35.7152548767258
"20",20,45513,2020-08-30 00:00:00,-45.77537,170.60184,4,34.7919715412777
"21",21,45513,2020-08-30 02:59:59,-45.77385,170.60128,4,12.0477342612146
"22",22,45513,2020-08-30 05:59:56,-45.77419,170.60041,7,5.52775172387168e-05
"23",23,45513,2020-08-30 08:59:59,-45.77455,170.60075,3,5.52775172387168e-05
"24",24,45513,2020-08-30 11:59:59,-45.77416,170.60063,6,5.52775172387168e-05
"25",25,45513,2020-08-30 14:59:53,-45.77413,170.60066,5,5.52775172387168e-05
"26",26,45513,2020-08-30 17:59:53,-45.77407,170.60063,6,5.52775172387168e-05
"27",27,45513,2020-08-31 05:59:55,-45.77412,170.60008,4,5.52775172387168e-05
"28",28,45513,2020-08-31 08:59:54,-45.77409,170.60054,6,5.52775172387168e-05
"29",29,45513,2020-08-31 11:59:49,-45.77417,170.60083,7,44.3437909462915
"30",30,45513,2020-08-31 17:59:49,-45.77417,170.60058,7,106.920106931527
"31",31,45513,2020-08-31 23:59:53,-45.77604,170.60124,6,98.8212383955719
"32",32,45513,2020-09-01 02:59:51,-45.7739,170.60032,5,94.1362859779646
"33",33,45513,2020-09-01 05:59:46,-45.77483,170.60028,7,93.5821973198701
"34",34,45513,2020-09-01 08:59:46,-45.77435,170.60038,6,65.5895461223347
"35",35,45513,2020-09-01 11:59:45,-45.77555,170.59998,6,40.2221078816146
"36",36,45513,2020-09-01 14:59:51,-45.77449,170.60113,3,32.0464796229248
"37",37,45513,2020-09-01 17:59:49,-45.77423,170.60081,6,27.6013216061952
"38",38,45513,2020-09-01 20:59:49,-45.77426,170.60036,7,81.5606930303233
"39",39,45513,2020-09-02 05:59:46,-45.77638,170.60074,6,105.677561393328
"40",40,45513,2020-09-02 08:59:48,-45.77366,170.60057,4,42.244839211111
"41",41,45513,2020-09-02 11:59:47,-45.77405,170.60049,5,77.8812757052824
"42",42,45513,2020-09-02 14:59:47,-45.77391,170.6016,3,77.8812757052824
"43",43,45513,2020-09-02 17:59:44,-45.77437,170.60093,6,126.894275390666
"44",44,45513,2020-09-02 20:59:46,-45.77341,170.60181,4,210.840479703979
"45",45,45513,2020-09-02 23:59:39,-45.77547,170.59976,6,179.798566971086
"46",46,45513,2020-09-03 02:59:45,-45.77375,170.60205,6,217.013768738466
"47",47,45513,2020-09-03 05:59:41,-45.77541,170.60175,7,195.048252631088
"48",48,45513,2020-09-03 08:59:45,-45.77413,170.60073,4,118.993696344837
"49",49,45513,2020-09-03 14:59:43,-45.77394,170.60155,4,79.417490087899
"50",50,45513,2020-09-03 17:59:43,-45.77391,170.60157,5,134.22186380859
"51",51,45513,2020-09-03 20:59:43,-45.77605,170.60022,5,133.819091110706
"52",52,45513,2020-09-03 23:59:43,-45.77492,170.6011,4,112.77741821842
"53",53,45513,2020-09-04 05:59:41,-45.7739,170.60156,4,201.931381487354
"54",54,45513,2020-09-04 08:59:38,-45.77554,170.59828,4,176.317059430544
"55",55,45513,2020-09-04 11:59:41,-45.77419,170.60098,5,167.075796191907
"56",56,45513,2020-09-04 14:59:37,-45.77417,170.60063,5,135.448509536149
"57",57,45513,2020-09-04 17:59:38,-45.77411,170.60048,5,93.8939692480729
"58",58,45513,2020-09-04 20:59:39,-45.77537,170.60251,5,79.8683536328742
"59",59,45513,2020-09-05 02:59:38,-45.77422,170.60029,4,79.8683536328742
"60",60,45513,2020-09-05 05:59:33,-45.77513,170.59999,6,75.4026181763671
"61",61,45513,2020-09-05 08:59:37,-45.77413,170.60072,6,30.2894330094677
"62",62,45513,2020-09-05 11:59:37,-45.77418,170.60078,6,15.1068178806432
"63",63,45513,2020-09-05 14:59:36,-45.77409,170.60062,4,26.0353047502369
"64",64,45513,2020-09-05 17:59:31,-45.77415,170.60063,6,83.0431139684344
"65",65,45513,2020-09-05 20:59:30,-45.77494,170.60287,6,124.461108458178
"66",66,45513,2020-09-05 23:59:34,-45.77397,170.6007,5,124.575877889308
"67",67,45513,2020-09-06 02:59:34,-45.77439,170.60076,5,148.282257264658
"68",68,45513,2020-09-06 05:59:34,-45.77623,170.60066,7,132.86028808706
"69",69,45513,2020-09-06 08:59:34,-45.77381,170.6005,5,144.277005900945
"70",70,45513,2020-09-06 11:59:33,-45.77409,170.60073,5,151.63781166654
"71",71,45513,2020-09-06 14:59:27,-45.7738,170.60088,5,155.448285623308
"72",72,45513,2020-09-06 17:59:27,-45.77618,170.60058,6,180.328857658406
"73",73,45513,2020-09-06 20:59:32,-45.77417,170.60047,6,180.328857658406
"74",74,45513,2020-09-07 02:59:30,-45.77384,170.60059,4,173.086075768112
"75",75,45513,2020-09-07 05:59:30,-45.77183,170.5988,4,110.861357437333
"76",76,45513,2020-09-07 14:59:26,-45.77387,170.60125,6,123.925995488973
"77",77,45513,2020-09-07 17:59:26,-45.77415,170.60063,6,110.996085259267
"78",78,45513,2020-09-07 20:59:27,-45.77473,170.60306,6,85.1617525173854
"79",79,45513,2020-09-08 02:59:24,-45.77613,170.60072,6,93.2915931347111
"80",80,45513,2020-09-08 05:59:27,-45.77461,170.60152,3,92.7541076704751
"81",81,45513,2020-09-08 08:59:24,-45.77418,170.60084,5,70.0653973624226
"82",82,45513,2020-09-08 11:59:25,-45.77417,170.60048,4,86.6520696725876
"83",83,45513,2020-09-08 14:59:25,-45.77629,170.60063,7,88.0070327534975
"84",84,45513,2020-09-08 17:59:24,-45.77508,170.60124,7,187.86277247156
"85",85,45513,2020-09-08 20:59:24,-45.77398,170.60058,5,294.172989125472
"86",86,45513,2020-09-08 23:59:24,-45.77526,170.60121,6,333.991476361087
"87",87,45513,2020-09-09 02:59:24,-45.77261,170.60252,3,299.401818575757
"88",88,45513,2020-09-09 05:59:20,-45.77622,170.60078,7,116.55710927976
"89",89,45513,2020-09-09 08:59:19,-45.77616,170.60054,7,105.296605691027
"90",90,45513,2020-09-09 11:59:21,-45.77433,170.60086,6,106.888858554074
"91",91,45513,2020-09-09 14:59:16,-45.77423,170.6009,6,69.7013549764364
"92",92,45513,2020-09-09 17:59:20,-45.77619,170.60053,5,72.6388819053166
"93",93,45513,2020-09-10 02:59:20,-45.77396,170.60218,5,33.7541035687466
"94",94,45513,2020-09-10 05:59:13,-45.77409,170.60068,8,15.6971324592062
"95",95,45513,2020-09-10 08:59:19,-45.77413,170.60084,5,15.6971324592062
"96",96,45513,2020-09-10 14:59:17,-45.7741,170.60106,6,830.115998249171
"97",97,45513,2020-09-10 17:59:11,-45.7743,170.60039,8,2065.61833296075
"98",98,45513,2020-09-10 20:59:17,-45.77069,170.60537,4,1920.11252132294
"99",99,45513,2020-09-10 23:59:15,-45.77525,170.59956,4,1920.11252132294
"100",100,45513,2020-09-11 02:59:17,-45.77123,170.60735,3,2134.91300218288
"101",101,45513,2020-09-11 05:59:14,-45.7752,170.60069,6,916.733969727584
"102",102,45513,2020-09-11 08:59:16,-45.77407,170.60046,3,49.8453797854624
"103",103,45513,2020-09-11 11:59:15,-45.7742,170.60062,5,78.8587651413729
"104",104,45513,2020-09-11 14:59:11,-45.77415,170.6006,6,180.591760530365
"105",105,45513,2020-09-11 17:59:13,-45.77614,170.60028,6,203.406788768466
"106",106,45513,2020-09-11 20:59:13,-45.77533,170.59896,6,165.551040718748
"107",107,45513,2020-09-11 23:59:13,-45.77535,170.60267,4,186.012508480964
"108",108,45513,2020-09-12 02:59:13,-45.77516,170.59942,6,98.8964914526865
"109",109,45513,2020-09-12 05:59:11,-45.77399,170.60038,7,7.07096359942988
"110",110,45513,2020-09-12 08:59:09,-45.77429,170.60019,5,5.94384740936577
"111",111,45513,2020-09-12 11:59:05,-45.77448,170.60036,6,5.94384740936577
"112",112,45513,2020-09-12 14:59:11,-45.7743,170.6007,4,0.536712425704705
"113",113,45513,2020-09-12 17:59:04,-45.77416,170.60059,7,380.664119355217
"114",114,45513,2020-09-13 02:59:09,-45.7762,170.6006,5,1010.7417353167
"115",115,45513,2020-09-13 05:59:09,-45.77966,170.60647,3,1010.7417353167
"116",116,45513,2020-09-13 08:59:07,-45.77372,170.60136,4,391.684595533914
"117",117,45513,2020-09-13 11:59:08,-45.77429,170.6009,5,243.452319145896
"118",118,45513,2020-09-13 14:59:02,-45.77418,170.601,6,243.452319145896
"119",119,45513,2020-09-13 17:59:07,-45.77425,170.60089,6,198.101012548822
"120",120,45513,2020-09-13 20:59:00,-45.77263,170.59974,8,409.844099223041
"121",121,45513,2020-09-13 23:59:06,-45.77631,170.60058,4,361.924031193593
"122",122,45513,2020-09-14 01:59:06,-45.7735,170.60201,5,337.343457883185
"123",123,45513,2020-09-14 02:59:04,-45.77394,170.60186,7,321.133834341077
"124",124,45513,2020-09-14 03:58:59,-45.77431,170.60096,8,207.341252155014
"125",125,45513,2020-09-14 05:59:02,-45.77368,170.60196,8,211.015973762856
"126",126,45513,2020-09-14 06:59:05,-45.77556,170.60177,5,126.088909258222
"127",127,45513,2020-09-14 07:59:05,-45.7744,170.60157,4,5.52775172387168e-05
"128",128,45513,2020-09-14 08:59:03,-45.77413,170.60089,6,5.52775172387168e-05
"129",129,45513,2020-09-14 10:59:04,-45.77418,170.60088,6,5.52775172387168e-05
"130",130,45513,2020-09-14 12:59:04,-45.77412,170.60079,4,5.52775172387168e-05
"131",131,45513,2020-09-14 13:59:04,-45.77417,170.60085,3,5.52775172387168e-05
"132",132,45513,2020-09-14 14:59:01,-45.77416,170.60081,7,5.52775172387168e-05
"133",133,45513,2020-09-14 15:58:59,-45.77412,170.60079,6,5.52775172387168e-05
"134",134,45513,2020-09-14 16:59:04,-45.77407,170.60083,4,115.344837131769
"135",135,45513,2020-09-14 19:59:03,-45.7748,170.60277,6,187.69701487147
"136",136,45513,2020-09-14 21:59:03,-45.77402,170.60207,7,181.17989772432
"137",137,45513,2020-09-14 22:59:03,-45.7742,170.59937,5,167.955733930427
"138",138,45513,2020-09-14 23:59:02,-45.77495,170.60068,6,160.30734854432
"139",139,45513,2020-09-15 00:59:03,-45.77405,170.6018,3,142.110695815805
"140",140,45513,2020-09-15 04:59:00,-45.77568,170.60066,8,87.9982050130915
"141",141,45513,2020-09-15 05:58:59,-45.77503,170.6001,6,66.8232182292608
"142",142,45513,2020-09-15 06:58:56,-45.77547,170.59949,6,27.9107910209264
"143",143,45513,2020-09-15 07:59:00,-45.77596,170.60094,4,8.15441658746441
"144",144,45513,2020-09-15 08:59:00,-45.77619,170.60055,6,0.247517295321549
"145",145,45513,2020-09-15 09:59:00,-45.77615,170.60059,5,0.247517295321549
"146",146,45513,2020-09-15 10:59:01,-45.77614,170.60055,4,5.52775172387168e-05
"147",147,45513,2020-09-15 11:59:01,-45.77623,170.60055,5,5.52775172387168e-05
"148",148,45513,2020-09-15 12:59:01,-45.77596,170.60108,4,122.116284977063
"149",149,45513,2020-09-15 13:59:00,-45.77632,170.60067,7,350.17785104008
"150",150,45513,2020-09-15 14:58:59,-45.77416,170.60063,7,310.588151697439
"151",151,45513,2020-09-15 15:59:00,-45.77624,170.60069,5,115.173223830603
"152",152,45513,2020-09-15 16:58:56,-45.77623,170.60056,6,38.2603023359494
"153",153,45513,2020-09-15 17:59:00,-45.77572,170.60171,4,40.7507343146851
"154",154,45513,2020-09-15 20:58:59,-45.77367,170.60202,4,40.7507343146851
"155",155,45513,2020-09-15 23:58:59,-45.7739,170.60103,3,108.116689728146
"156",156,45513,2020-09-16 00:59:02,-45.77446,170.60003,3,247.599314408253
"157",157,45513,2020-09-16 02:58:58,-45.77433,170.6012,5,248.008352477121
"158",158,45513,2020-09-16 03:58:57,-45.77625,170.60045,8,248.008352477121
"159",159,45513,2020-09-16 07:58:57,-45.7742,170.59793,4,172.649649215888
"160",160,45513,2020-09-16 09:58:57,-45.77404,170.60066,5,27.5534156735292
"161",161,45513,2020-09-16 11:58:57,-45.77441,170.6006,4,18.7475999954092
"162",162,45513,2020-09-16 12:58:52,-45.77425,170.60035,6,18.7475999954092
"163",163,45513,2020-09-16 13:58:50,-45.77471,170.60095,7,5.52775172387168e-05
"164",164,45513,2020-09-16 14:58:50,-45.77549,170.6004,7,3.07452013840422
"165",165,45513,2020-09-16 15:58:50,-45.77626,170.60067,6,3.07452013840422
"166",166,45513,2020-09-16 16:58:55,-45.77623,170.60049,6,3.39953035275053
"167",167,45513,2020-09-16 17:58:55,-45.77594,170.60076,7,3.39953035275053
"168",168,45513,2020-09-16 18:58:54,-45.77474,170.60115,5,304.965516106195
"169",169,45513,2020-09-16 20:58:55,-45.77361,170.60256,4,730.199712055191
"170",170,45513,2020-09-16 22:58:56,-45.77502,170.60583,3,730.199712055191
"171",171,45513,2020-09-16 23:58:55,-45.77526,170.60033,5,338.893400184699
"172",172,45513,2020-09-17 02:58:54,-45.7756,170.59978,5,88.6871509283142
"173",173,45513,2020-09-17 05:58:54,-45.77573,170.60007,6,98.3683604343497
"174",174,45513,2020-09-17 08:58:54,-45.77421,170.60058,5,99.9578316097876
"175",175,45513,2020-09-17 14:58:52,-45.77618,170.60062,8,105.666268565566
"176",176,45513,2020-09-17 17:58:52,-45.7743,170.60111,5,106.065944187253
"177",177,45513,2020-09-17 20:58:52,-45.77342,170.59972,4,137.1897929377
"178",178,45513,2020-09-17 23:58:51,-45.77382,170.60182,5,131.084424492892
"179",179,45513,2020-09-18 02:58:51,-45.77512,170.60015,4,162.403677652215
"180",180,45513,2020-09-18 05:58:51,-45.77663,170.60089,6,144.145416217837
"181",181,45513,2020-09-18 08:58:50,-45.77372,170.60129,4,51.6125274928976
"182",182,45513,2020-09-18 11:58:49,-45.77384,170.60162,6,20.3916536988299
"183",183,45513,2020-09-18 14:58:44,-45.77397,170.60172,6,23.4400581456127
"184",184,45513,2020-09-18 20:58:48,-45.77471,170.59922,4,29.5295647717904
"185",185,45513,2020-09-18 23:58:47,-45.7742,170.60057,4,8.87432411138858
"186",186,45513,2020-09-19 02:58:48,-45.77368,170.60181,7,5.03047852512133
"187",187,45513,2020-09-19 05:58:47,-45.77292,170.60183,4,6.03047804562862
"188",188,45513,2020-09-19 08:58:45,-45.77393,170.60171,5,25.7921316591798
"189",189,45513,2020-09-19 11:58:46,-45.77399,170.60159,4,29.2069349385464
"190",190,45513,2020-09-19 14:58:40,-45.77395,170.6015,6,30.1038283217778
"191",191,45513,2020-09-19 20:58:44,-45.77496,170.6033,6,27.9524527924123
"192",192,45513,2020-09-20 05:58:40,-45.77407,170.60029,6,6.63007001385816
"193",193,45513,2020-09-20 08:58:43,-45.77425,170.60072,4,13.9893231607925
"194",194,45513,2020-09-20 11:58:42,-45.77426,170.6009,4,13.9893231607925
"195",195,45513,2020-09-20 14:58:40,-45.77421,170.60092,7,21.5510209902959
"196",196,45513,2020-09-20 17:58:41,-45.77516,170.59959,7,222.969382764836
"197",197,45513,2020-09-20 20:58:39,-45.77732,170.59602,8,224.927053455509
"198",198,45513,2020-09-21 00:58:35,-45.77456,170.60041,7,223.397514500265
"199",199,45513,2020-09-21 01:58:40,-45.77419,170.60074,7,215.995546347964
"200",200,45513,2020-09-21 02:58:40,-45.77403,170.60119,4,110.347637434605
"201",201,45513,2020-09-21 03:58:40,-45.77351,170.60345,4,104.384644087814
"202",202,45513,2020-09-21 06:58:40,-45.7752,170.60116,3,7.39805022757424
"203",203,45513,2020-09-21 07:58:39,-45.77521,170.60129,4,5.52775172387168e-05
"204",204,45513,2020-09-21 08:58:39,-45.77522,170.60122,4,5.52775172387168e-05
"205",205,45513,2020-09-21 10:58:38,-45.77518,170.60122,6,5.52775172387168e-05
"206",206,45513,2020-09-21 11:58:39,-45.77518,170.6015,4,5.52775172387168e-05
"207",207,45513,2020-09-21 12:58:39,-45.77568,170.60179,4,5.52775172387168e-05
"208",208,45513,2020-09-21 13:58:39,-45.77528,170.60153,6,5.52775172387168e-05
"209",209,45513,2020-09-21 14:58:37,-45.77532,170.60123,6,5.52775172387168e-05
"210",210,45513,2020-09-21 15:58:34,-45.77486,170.60118,6,5.52775172387168e-05
"211",211,45513,2020-09-21 16:58:37,-45.77488,170.60112,7,5.52775172387168e-05
"212",212,45513,2020-09-21 17:58:38,-45.77488,170.60111,4,54.7286432116942
"213",213,45513,2020-09-21 19:58:37,-45.7739,170.60202,5,54.8573574578478
"214",214,45513,2020-09-21 20:58:37,-45.77478,170.60275,6,46.0882042751293
"215",215,45513,2020-09-21 21:58:37,-45.77481,170.60311,6,74.7942624376531
"216",216,45513,2020-09-21 22:58:37,-45.77363,170.60175,7,56.4067683730902
"217",217,45513,2020-09-21 23:58:37,-45.77447,170.60022,4,27.5719959644128
"218",218,45513,2020-09-22 00:58:37,-45.7745,170.60017,5,47.2615976266994
"219",219,45513,2020-09-22 01:58:37,-45.77501,170.59946,6,47.2615976266994
"220",220,45513,2020-09-22 02:58:36,-45.77512,170.59963,4,184.422040671346
"221",221,45513,2020-09-22 03:58:36,-45.77512,170.59874,4,477.602099223628
"222",222,45513,2020-09-22 04:58:36,-45.77437,170.60093,6,477.602099223628
"223",223,45513,2020-09-22 05:58:34,-45.77613,170.60073,5,534.487664099178
"224",224,45513,2020-09-22 06:58:36,-45.77476,170.60167,4,1011.51236273625
"225",225,45513,2020-09-22 08:58:35,-45.77869,170.60352,4,995.50643508421
"226",226,45513,2020-09-22 10:58:30,-45.77415,170.60056,5,376.778174843051
"227",227,45513,2020-09-22 11:58:31,-45.77552,170.60023,6,359.907297684878
"228",228,45513,2020-09-22 12:58:35,-45.77619,170.60033,5,342.881213560715
"229",229,45513,2020-09-22 13:58:29,-45.77418,170.60061,5,25.6923949430975
"230",230,45513,2020-09-22 14:58:32,-45.77417,170.60061,5,51.7078335862919
"231",231,45513,2020-09-22 15:58:29,-45.77388,170.60067,5,51.7078335862919
"232",232,45513,2020-09-22 16:58:29,-45.77416,170.60062,6,82.9364879220452
"233",233,45513,2020-09-22 17:58:35,-45.77427,170.60075,3,301.741706528662
"234",234,45513,2020-09-22 18:58:34,-45.77575,170.599,5,291.124641576096
"235",235,45513,2020-09-22 20:58:33,-45.7751,170.60358,5,291.124641576096
"236",236,45513,2020-09-22 21:58:34,-45.77524,170.60348,4,272.277585175237
"237",237,45513,2020-09-22 22:58:34,-45.77402,170.60181,4,53.4723665686203
"238",238,45513,2020-09-22 23:58:27,-45.77437,170.60069,6,84.6430181189256
"239",239,45513,2020-09-23 00:58:27,-45.77409,170.60017,7,84.6430181189256
"240",240,45513,2020-09-23 02:58:32,-45.77513,170.60086,4,101.65462526114
"241",241,45513,2020-09-23 03:58:32,-45.77591,170.60152,4,211.424921759682
"242",242,45513,2020-09-23 04:58:32,-45.77455,170.59957,7,194.569910912722
"243",243,45513,2020-09-23 06:58:32,-45.77423,170.60084,5,183.336773992062
"244",244,45513,2020-09-23 07:58:32,-45.77438,170.60124,4,201.414357617364
"245",245,45513,2020-09-23 08:58:32,-45.7762,170.60054,5,175.618162894811
"246",246,45513,2020-09-23 09:58:26,-45.77613,170.60063,6,175.618162894811
"247",247,45513,2020-09-23 10:58:31,-45.77417,170.60093,6,102.877198039482
"248",248,45513,2020-09-23 12:58:31,-45.77421,170.60089,6,64.874388089178
"249",249,45513,2020-09-23 13:58:30,-45.77417,170.60084,6,64.874388089178
"250",250,45513,2020-09-23 14:58:27,-45.77423,170.60108,5,94.1516989254656
"251",251,45513,2020-09-23 15:58:25,-45.77422,170.60083,7,218.543960988065
"252",252,45513,2020-09-23 16:58:24,-45.77619,170.60057,8,192.824532545626
"253",253,45513,2020-09-23 19:58:29,-45.77417,170.60059,6,72.4444738477733
"254",254,45513,2020-09-23 20:58:30,-45.77524,170.60043,6,53.1033539569213
"255",255,45513,2020-09-23 21:58:29,-45.77607,170.6,6,62.4834920056138
"256",256,45513,2020-09-23 23:58:29,-45.77592,170.60017,7,30.6801901991172
"257",257,45513,2020-09-24 02:58:29,-45.77415,170.60009,5,36.4738360020805
"258",258,45513,2020-09-24 05:58:29,-45.77413,170.60158,3,38.8763999958139
"259",259,45513,2020-09-24 08:58:28,-45.77447,170.6003,6,51.5435957038538
"260",260,45513,2020-09-24 11:58:22,-45.77437,170.6003,8,92.3783629108745
"261",261,45513,2020-09-24 14:58:24,-45.77432,170.60018,7,138.827330354154
"262",262,45513,2020-09-24 17:58:26,-45.77612,170.60064,8,176.712068547653
"263",263,45513,2020-09-24 20:58:27,-45.77507,170.60259,3,278.951916808635
"264",264,45513,2020-09-24 23:58:26,-45.77597,170.60049,6,313.27445635104
"265",265,45513,2020-09-25 02:58:25,-45.77416,170.60087,6,366.857996501429
"266",266,45513,2020-09-25 05:58:25,-45.77543,170.59641,4,350.329145482618
"267",267,45513,2020-09-25 08:58:23,-45.77426,170.60094,6,125.34339279741
"268",268,45513,2020-09-25 11:58:24,-45.77457,170.60024,5,98.1268169713705
"269",269,45513,2020-09-25 14:58:17,-45.77616,170.60056,6,98.1268169713705
"270",270,45513,2020-09-25 17:58:23,-45.77529,170.60091,6,84.7415139194311
"271",271,45513,2020-09-25 20:58:23,-45.77427,170.59965,4,241.664017067988
"272",272,45513,2020-09-25 23:58:22,-45.77503,170.6025,6,236.003225393108
"273",273,45513,2020-09-26 02:58:22,-45.77619,170.60064,5,236.003225393108
"274",274,45513,2020-09-26 05:58:21,-45.77449,170.59642,5,215.183778095778
"275",275,45513,2020-09-26 11:58:14,-45.77417,170.60051,5,85.2223323502553
"276",276,45513,2020-09-26 14:58:20,-45.7742,170.60007,3,56.9777491614358
"277",277,45513,2020-09-26 17:58:19,-45.77398,170.6012,5,56.9777491614358
"278",278,45513,2020-09-26 20:58:19,-45.77574,170.60169,4,52.1977320367438
"279",279,45513,2020-09-27 02:58:19,-45.77444,170.60102,3,46.3378176569787
"280",280,45513,2020-09-27 14:58:11,-45.77418,170.60074,6,33.3002691024484
"281",281,45513,2020-09-27 17:58:12,-45.77387,170.60124,6,15.631144792922
"282",282,45513,2020-09-27 20:58:15,-45.77343,170.6015,4,379.947456252076
"283",283,45513,2020-09-28 02:58:14,-45.77522,170.59921,5,881.206742562784
"284",284,45513,2020-09-28 05:58:14,-45.77571,170.60798,3,779.783332467114
"285",285,45513,2020-09-28 11:58:14,-45.7741,170.60055,3,352.469493477244
"286",286,45513,2020-09-28 14:58:12,-45.77645,170.60056,7,180.288978750033
"287",287,45513,2020-09-28 17:58:13,-45.77474,170.6014,3,196.638545030446
"288",288,45513,2020-09-28 20:58:12,-45.77524,170.59978,5,157.778624801979
"289",289,45513,2020-09-28 23:58:11,-45.77466,170.60083,4,140.102840036487
"290",290,45513,2020-09-29 05:58:11,-45.77657,170.60028,4,134.356678862845
"291",291,45513,2020-09-29 08:58:09,-45.77406,170.60065,5,130.519675083106
"292",292,45513,2020-09-29 14:58:05,-45.77416,170.60061,6,167.546417879663
"293",293,45513,2020-09-29 17:58:09,-45.77495,170.60128,7,208.283368380636
"294",294,45513,2020-09-29 20:58:08,-45.77424,170.59926,4,281.370488811054
"295",295,45513,2020-09-29 23:58:07,-45.77712,170.59754,4,262.59656738695
"296",296,45513,2020-09-30 02:58:07,-45.77667,170.59941,4,344.413407794218
"297",297,45513,2020-09-30 05:58:01,-45.7727,170.59827,6,346.294365519728
"298",298,45513,2020-09-30 11:58:06,-45.77435,170.60063,3,394.825359548243
"299",299,45513,2020-09-30 14:58:05,-45.77668,170.59897,4,369.063767602866
"300",300,45513,2020-09-30 17:58:05,-45.77395,170.60158,5,117.615213627683
"301",301,45513,2020-09-30 20:58:05,-45.77406,170.60083,4,124.218632711586
"302",302,45513,2020-10-01 02:57:57,-45.77299,170.60007,7,135.894903993278
"303",303,45513,2020-10-01 05:58:03,-45.77485,170.60004,4,82.1496865178619
"304",304,45513,2020-10-01 08:58:03,-45.77382,170.60164,4,94.4221396507919
"305",305,45513,2020-10-01 11:58:01,-45.77322,170.60221,4,111.513203740648
"306",306,45513,2020-10-01 14:57:55,-45.77354,170.60055,7,87.9322941293152
"307",307,45513,2020-10-01 17:57:58,-45.7752,170.60126,6,78.299894741151
"308",308,45513,2020-10-01 20:58:01,-45.77358,170.60204,4,46.3186786583754
"309",309,45513,2020-10-02 02:58:03,-45.77505,170.60151,4,49.4123673858261
"310",310,45513,2020-10-02 05:58:00,-45.7751,170.60012,5,59.8302554284526
"311",311,45513,2020-10-02 08:57:53,-45.77412,170.60071,5,24.1773837563341
"312",312,45513,2020-10-02 11:57:52,-45.77417,170.60067,7,28.2986482516067
"313",313,45513,2020-10-02 14:57:52,-45.77414,170.60059,7,78.8047159845716
"314",314,45513,2020-10-02 17:57:51,-45.77637,170.6009,5,87.4926520500583
"315",315,45513,2020-10-02 23:57:57,-45.77435,170.60083,5,173.094029769399
"316",316,45513,2020-10-03 05:57:55,-45.77462,170.60074,6,168.996379264965
"317",317,45513,2020-10-03 11:57:54,-45.77402,170.60171,7,240.740281750463
"318",318,45513,2020-10-03 14:57:55,-45.77273,170.60435,3,304.840086438434
"319",319,45513,2020-10-03 17:57:54,-45.77455,170.59944,5,304.840086438434
"320",320,45513,2020-10-03 20:57:54,-45.77624,170.60069,5,333.835249157185
"321",321,45513,2020-10-03 23:57:54,-45.77421,170.60212,3,120.059454313278
"322",322,45513,2020-10-04 05:57:52,-45.77489,170.60079,6,1.26971645757471
"323",323,45513,2020-10-04 08:57:52,-45.7745,170.60099,5,6.74082816176736
"324",324,45513,2020-10-04 11:57:47,-45.77452,170.60089,8,6.74082816176736
"325",325,45513,2020-10-04 14:57:47,-45.77419,170.60089,8,20.4801573853071
"326",326,45513,2020-10-04 17:57:49,-45.77422,170.60101,4,60.6014175300971
"327",327,45513,2020-10-04 20:57:50,-45.77514,170.60321,4,60.6014175300971
"328",328,45513,2020-10-04 23:57:49,-45.7739,170.60195,4,22.7398417671759
"329",329,45513,2020-10-05 08:57:47,-45.77411,170.6006,6,11.509706550607
"330",330,45513,2020-10-05 11:57:43,-45.77419,170.60039,7,29.8522211392815
"331",331,45513,2020-10-05 14:57:44,-45.77418,170.60062,8,114.82279070932
"332",332,45513,2020-10-05 20:57:46,-45.77631,170.60061,5,115.019420552738
"333",333,45513,2020-10-05 23:57:46,-45.77406,170.60064,6,115.019420552738
"334",334,45513,2020-10-06 05:57:40,-45.77294,170.59893,7,116.386800750437
"335",335,45513,2020-10-06 08:57:45,-45.77415,170.60062,5,82.0122620229747
"336",336,45513,2020-10-06 11:57:42,-45.77411,170.60052,7,76.5510704081569
"337",337,45513,2020-10-06 14:57:37,-45.77439,170.60067,7,106.490709680574
"338",338,45513,2020-10-06 17:57:43,-45.77337,170.60171,4,144.717074595611
"339",339,45513,2020-10-06 20:57:42,-45.77405,170.59794,4,117.944920725502
"340",340,45513,2020-10-07 02:57:41,-45.77601,170.60038,4,153.738067104185
"341",341,45513,2020-10-07 05:57:39,-45.77462,170.60074,4,166.925510086687
"342",342,45513,2020-10-07 14:57:34,-45.77414,170.60084,7,141.827636118486
"343",343,45513,2020-10-07 17:57:36,-45.77379,170.59935,6,229.210109522822
"344",344,45513,2020-10-07 20:57:39,-45.7749,170.60295,4,252.018849218663
"345",345,45513,2020-10-08 02:57:38,-45.77442,170.60021,6,252.018849218663
"346",346,45513,2020-10-08 05:57:31,-45.77631,170.60043,6,217.346570751754
"347",347,45513,2020-10-08 08:57:36,-45.77371,170.59951,5,133.553520380553
"348",348,45513,2020-10-08 11:57:37,-45.77382,170.60106,6,129.609961203451
"349",349,45513,2020-10-08 14:57:35,-45.7739,170.60126,8,120.570008577264
"350",350,45513,2020-10-08 17:57:35,-45.77502,170.60322,6,78.3516549804666
"351",351,45513,2020-10-08 20:57:35,-45.77476,170.6016,5,66.2674435708436
"352",352,45513,2020-10-08 23:57:35,-45.77405,170.60074,5,238.351584619604
"353",353,45513,2020-10-09 02:57:33,-45.77496,170.5961,4,235.434775554102
"354",354,45513,2020-10-09 08:57:33,-45.77361,170.60206,4,63.4246527786751
"355",355,45513,2020-10-09 11:57:31,-45.77395,170.6028,6,26.4042463766379
"356",356,45513,2020-10-09 14:57:33,-45.77415,170.60173,5,26.4042463766379
"357",357,45513,2020-10-09 17:57:32,-45.77411,170.60186,4,102.123980783646
"358",358,45513,2020-10-09 23:57:31,-45.77603,170.6016,4,231.50425843253
"359",359,45513,2020-10-10 02:57:33,-45.77455,170.59736,4,309.018384338424
"360",360,45513,2020-10-10 05:57:30,-45.77535,170.59948,6,287.149840674772
"361",361,45513,2020-10-10 08:57:23,-45.77418,170.60091,6,244.748181976481
"362",362,45513,2020-10-10 11:57:30,-45.77496,170.60536,4,237.284124647669
"363",363,45513,2020-10-10 14:57:29,-45.77434,170.60112,6,291.038847811469
"364",364,45513,2020-10-10 17:57:29,-45.77403,170.60114,5,312.286044790594
"365",365,45513,2020-10-10 20:57:25,-45.77469,170.59857,4,215.331588015346
"366",366,45513,2020-10-10 23:57:27,-45.77635,170.60261,4,174.150030751509
"367",367,45513,2020-10-11 05:57:27,-45.77524,170.60071,7,114.562822399696
"368",368,45513,2020-10-11 14:57:24,-45.77427,170.60067,7,105.371890008428
"369",369,45513,2020-10-11 17:57:25,-45.77501,170.60271,5,123.567371815374
"370",370,45513,2020-10-11 20:57:25,-45.77366,170.60154,5,104.915046749196
"371",371,45513,2020-10-11 23:57:19,-45.77368,170.59917,6,109.218246426167
"372",372,45513,2020-10-12 05:57:23,-45.7727,170.60216,3,95.8084359111958
"373",373,45513,2020-10-12 08:57:16,-45.77423,170.60102,6,108.695936283062
"374",374,45513,2020-10-12 11:57:19,-45.77418,170.6011,6,94.2385923767033
"375",375,45513,2020-10-12 14:57:22,-45.77431,170.60139,4,95.2253794972267
"376",376,45513,2020-10-12 17:57:21,-45.77549,170.59899,4,100.227402498621
"377",377,45513,2020-10-12 20:57:21,-45.77506,170.60131,5,90.2876544169844
"378",378,45513,2020-10-12 23:57:20,-45.77454,170.60034,6,80.709214060205
"379",379,45513,2020-10-13 08:57:19,-45.77563,170.60157,5,54.1743234793909
"380",380,45513,2020-10-13 11:57:14,-45.77569,170.60159,6,114.011697497098
"381",381,45513,2020-10-13 14:57:15,-45.77374,170.60061,6,114.475955691217
"382",382,45513,2020-10-13 17:57:18,-45.77411,170.60086,5,114.475955691217
"383",383,45513,2020-10-13 20:57:15,-45.7762,170.59955,8,111.659726363541
"384",384,45513,2020-10-14 02:57:16,-45.7742,170.60093,6,24.3206437575599
"385",385,45513,2020-10-14 08:57:15,-45.7742,170.60072,5,13.655176497227
"386",386,45513,2020-10-14 11:57:14,-45.77418,170.60085,7,13.655176497227
"387",387,45513,2020-10-14 14:57:15,-45.77419,170.60094,3,60.0133934359885
"388",388,45513,2020-10-14 17:57:14,-45.77419,170.60061,5,122.568200881421
"389",389,45513,2020-10-14 20:57:13,-45.77605,170.60067,5,122.568200881421
"390",390,45513,2020-10-14 23:57:13,-45.77448,170.60339,4,62.0125139909725
"391",391,45513,2020-10-15 05:57:12,-45.77483,170.60206,3,43.2246517809811
"392",392,45513,2020-10-15 11:57:08,-45.77388,170.6013,6,43.2246517809811
"393",393,45513,2020-10-15 14:57:08,-45.77388,170.60122,6,22.7728909076537
"394",394,45513,2020-10-15 23:57:09,-45.77444,170.60153,4,146.379387949283
"395",395,45513,2020-10-16 02:57:07,-45.77616,170.60071,7,146.379387949283
"396",396,45513,2020-10-16 05:57:08,-45.77573,170.60038,6,157.064556696463
"397",397,45513,2020-10-16 08:57:08,-45.77408,170.60085,5,446.261435758212
"398",398,45513,2020-10-16 11:57:08,-45.77646,170.60575,3,457.236848240232
"399",399,45513,2020-10-16 14:57:03,-45.7741,170.60095,7,194.077036145628
"400",400,45513,2020-10-16 17:57:06,-45.77489,170.60046,5,159.629776352857
"401",401,45513,2020-10-16 20:57:06,-45.7749,170.60297,5,159.629776352857
"402",402,45513,2020-10-16 23:57:03,-45.77506,170.6013,7,688.739904369574
"403",403,45513,2020-10-17 05:57:05,-45.77803,170.59258,3,870.370325038374
"404",404,45513,2020-10-17 08:57:03,-45.7743,170.60095,6,249.249271012954
"405",405,45513,2020-10-17 11:57:03,-45.77422,170.60096,5,81.9972188371307
"406",406,45513,2020-10-17 14:56:58,-45.7743,170.60115,6,106.564233268517
"407",407,45513,2020-10-17 17:57:03,-45.77385,170.60067,4,106.564233268517
"408",408,45513,2020-10-17 20:57:02,-45.77491,170.60299,4,106.564233268517
"409",409,45513,2020-10-17 23:57:02,-45.77382,170.60069,5,45.3750827332428
"410",410,45513,2020-10-18 05:57:01,-45.77406,170.60086,6,19.6683270482787
"411",411,45513,2020-10-18 08:57:01,-45.77424,170.60101,4,19.6683270482787
"412",412,45513,2020-10-18 11:56:58,-45.7744,170.60087,6,52.9929403029013
"413",413,45513,2020-10-18 14:57:00,-45.77432,170.60092,5,188.344939983381
"414",414,45513,2020-10-18 17:56:59,-45.77499,170.60311,4,194.057351330701
"415",415,45513,2020-10-19 02:56:58,-45.774,170.60078,4,153.586826533017
"416",416,45513,2020-10-19 05:56:54,-45.77633,170.59992,6,185.843553846415
"417",417,45513,2020-10-19 08:56:57,-45.77403,170.60172,4,205.203826419939
"418",418,45513,2020-10-19 14:56:54,-45.77388,170.60172,5,207.489162921762
"419",419,45513,2020-10-19 17:56:56,-45.77485,170.60286,5,161.330598202887
"420",420,45513,2020-10-19 20:56:53,-45.77436,170.59902,6,73.0457506827283
"421",421,45513,2020-10-20 02:56:54,-45.7753,170.60041,6,6.37258920816124
"422",422,45513,2020-10-20 08:56:51,-45.77465,170.60277,7,6.37258920816124
"423",423,45513,2020-10-20 11:56:52,-45.77491,170.60313,6,6.37258920816124
"424",424,45513,2020-10-20 14:56:52,-45.77496,170.60304,5,642.721143389932
"425",425,45513,2020-10-20 20:56:51,-45.77409,170.60172,7,1604.85445758261
"426",426,45513,2020-10-20 23:56:52,-45.76877,170.60735,3,1604.85445758261
"427",427,45513,2020-10-21 02:56:50,-45.77513,170.59958,6,645.144611578234
"428",428,45513,2020-10-21 05:56:49,-45.77408,170.60064,6,3.83354472869694
"429",429,45513,2020-10-21 11:56:47,-45.77408,170.60168,5,4.05585347707876
"430",430,45513,2020-10-21 14:56:47,-45.77399,170.60186,6,4.05585347707876
"431",431,45513,2020-10-21 17:56:45,-45.77401,170.6013,6,0.683524930269628
"432",432,45513,2020-10-21 20:56:47,-45.77426,170.60102,7,34.583114966965
"433",433,45513,2020-10-21 23:56:48,-45.77371,170.6018,7,73.2487630397328
"434",434,45513,2020-10-22 02:56:47,-45.77435,170.59862,4,73.2487630397328
"435",435,45513,2020-10-22 08:56:45,-45.77412,170.60031,5,139.784699559056
"436",436,45513,2020-10-22 11:56:40,-45.77419,170.60064,6,262.803780922045
"437",437,45513,2020-10-22 17:56:45,-45.77715,170.6003,4,239.601252286399
"438",438,45513,2020-10-22 20:56:44,-45.77344,170.6013,4,83.1618682265508
"439",439,45513,2020-10-23 02:56:43,-45.77437,170.60051,5,114.8612004283
"440",440,45513,2020-10-23 05:56:40,-45.77447,170.59909,4,115.460706346125
"441",441,45513,2020-10-23 08:56:42,-45.7741,170.60013,4,10.4979045793107
"442",442,45513,2020-10-23 11:56:40,-45.77415,170.60058,5,9.41911132164898
"443",443,45513,2020-10-23 14:56:36,-45.77439,170.60033,8,4.40184800492474
"444",444,45513,2020-10-23 17:56:41,-45.774,170.60115,5,28.4028693730599
"445",445,45513,2020-10-23 20:56:34,-45.77479,170.60288,6,28.6824935746807
"446",446,45513,2020-10-23 23:56:40,-45.77519,170.60102,6,39.1730554415982
"447",447,45513,2020-10-24 02:56:39,-45.77447,170.59976,4,39.8250921019471
"448",448,45513,2020-10-24 08:56:36,-45.77426,170.60104,4,30.5969759930436
"449",449,45513,2020-10-24 11:56:38,-45.77418,170.60089,8,48.8391793497842
"450",450,45513,2020-10-24 14:56:31,-45.77414,170.60062,6,64.5973133714094
"451",451,45513,2020-10-24 17:56:35,-45.77538,170.59945,6,80.0528758116559
"452",452,45513,2020-10-24 20:56:31,-45.77438,170.60069,7,71.8509460785754
"453",453,45513,2020-10-24 23:56:32,-45.7746,170.59934,7,85.0877337478815
"454",454,45513,2020-10-25 05:56:36,-45.77612,170.60064,5,65.7506419706596
"455",455,45513,2020-10-25 08:56:35,-45.77463,170.59963,5,13.4826349149893
"456",456,45513,2020-10-25 11:56:34,-45.77454,170.59971,6,6.98049124715893
"457",457,45513,2020-10-25 14:56:29,-45.77472,170.59972,7,6.98049124715893
"458",458,45513,2020-10-25 17:56:28,-45.77419,170.60067,6,8.64840955867445
"459",459,45513,2020-10-25 20:56:30,-45.77419,170.60054,7,53.1989026578839
"460",460,45513,2020-10-26 02:56:33,-45.77532,170.59858,4,50.7731441256379
"461",461,45513,2020-10-26 05:56:32,-45.77422,170.60084,3,6.22265102642849
"462",462,45513,2020-10-26 08:56:32,-45.77419,170.60108,4,22.5421602365468
"463",463,45513,2020-10-26 11:56:31,-45.7741,170.60094,6,22.5421602365468
"464",464,45513,2020-10-26 14:56:31,-45.77422,170.60098,6,32.5545478123778
"465",465,45513,2020-10-26 17:56:25,-45.77426,170.6019,7,92.872795049688
"466",466,45513,2020-10-26 20:56:24,-45.77625,170.60041,7,92.6855435252159
"467",467,45513,2020-10-26 23:56:29,-45.77467,170.6009,4,87.481194928825
"468",468,45513,2020-10-27 02:56:26,-45.7745,170.60065,4,79.5280624640093
"469",469,45513,2020-10-27 05:56:28,-45.7746,170.59926,4,49.4316897194504
"470",470,45513,2020-10-27 08:56:21,-45.77264,170.5984,6,65.7210485060625
"471",471,45513,2020-10-27 11:56:24,-45.77301,170.59848,7,98.0006449873146
"472",472,45513,2020-10-27 14:56:25,-45.77422,170.6011,6,102.355871968113
"473",473,45513,2020-10-27 17:56:27,-45.77394,170.60174,5,108.513291641699
"474",474,45513,2020-10-27 20:56:20,-45.77616,170.60052,6,63.4545973287153
"475",475,45513,2020-10-28 05:56:25,-45.7748,170.6004,5,5.52775172387168e-05
"476",476,45513,2020-10-28 08:56:22,-45.77433,170.60048,7,5.52775172387168e-05
"477",477,45513,2020-10-28 11:56:20,-45.77437,170.60038,7,5.52775172387168e-05
"478",478,45513,2020-10-28 14:56:21,-45.77494,170.60068,4,37.8684400205313
"479",479,45513,2020-10-28 20:56:22,-45.77617,170.60062,6,59.2107586452469
"480",480,45513,2020-10-28 23:56:22,-45.77415,170.60116,5,22.4636771614023
"481",481,45513,2020-10-29 02:56:16,-45.77416,170.60063,7,22.4636771614023
"482",482,45513,2020-10-29 05:56:21,-45.77408,170.60075,4,25.9076543548365
"483",483,45513,2020-10-29 08:56:18,-45.77491,170.59961,6,6.03144860548788
"484",484,45513,2020-10-29 11:56:20,-45.77494,170.59968,5,9.74661338528037
"485",485,45513,2020-10-29 14:56:19,-45.77502,170.59945,5,55.3123898454386
"486",486,45513,2020-10-29 20:56:12,-45.77367,170.60144,8,89.265192934296
"487",487,45513,2020-10-30 02:56:18,-45.77494,170.59911,4,89.265192934296
"488",488,45513,2020-10-30 05:56:16,-45.77447,170.60135,7,47.33784687011
"489",489,45513,2020-10-30 08:56:17,-45.77412,170.60085,5,19.692388272197
"490",490,45513,2020-10-30 11:56:13,-45.77386,170.60085,6,20.2113478665051
"491",491,45513,2020-10-30 14:56:11,-45.77412,170.60095,6,22.34187365993
"492",492,45513,2020-10-30 20:56:15,-45.77433,170.59874,3,25.8598124936297
"493",493,45513,2020-10-31 02:56:14,-45.77453,170.6006,5,21.6298995285117
"494",494,45513,2020-10-31 11:56:12,-45.77458,170.60163,4,23.0750864118801
"495",495,45513,2020-10-31 14:56:07,-45.77422,170.60058,6,14.3400338392671
"496",496,45513,2020-10-31 17:56:12,-45.77489,170.60095,5,14.5473152307563
"497",497,45513,2020-11-01 02:56:09,-45.77414,170.60063,5,9.90994208192654
"498",498,45513,2020-11-01 05:56:05,-45.77487,170.60027,7,4.80210993341677
"499",499,45513,2020-11-01 08:56:09,-45.77449,170.60085,4,1.17316670041669
"500",500,45513,2020-11-01 11:56:08,-45.7743,170.6006,7,0.285729888993533
"501",501,45513,2020-11-01 14:56:08,-45.77417,170.60056,7,5.52775172387168e-05
"502",502,45513,2020-11-01 20:56:08,-45.7742,170.60112,4,92.2835950322297
"503",503,45513,2020-11-02 02:56:07,-45.77425,170.60062,5,247.101878979093
"504",504,45513,2020-11-02 05:56:07,-45.77672,170.60338,3,247.101878979093
"505",505,45513,2020-11-02 08:56:01,-45.77425,170.60098,7,103.939716401668
"506",506,45513,2020-11-02 11:55:59,-45.77421,170.601,8,62.9667654883856
"507",507,45513,2020-11-02 14:56:00,-45.77418,170.60097,7,62.9667654883856
"508",508,45513,2020-11-02 17:56:03,-45.77417,170.60093,7,956.695179974395
"509",509,45513,2020-11-02 20:55:58,-45.77614,170.60043,7,1861.81056388048
"510",510,45513,2020-11-02 23:56:05,-45.77935,170.60436,3,1861.81056388048
"511",511,45513,2020-11-03 02:56:02,-45.77198,170.5944,4,1861.81056388048
"512",512,45513,2020-11-03 08:56:02,-45.77422,170.60091,6,917.124818529009
"513",513,45513,2020-11-03 11:55:59,-45.77425,170.60087,7,52.5363731856375
"514",514,45513,2020-11-03 14:56:02,-45.77423,170.601,6,52.5363731856375
"515",515,45513,2020-11-03 17:56:01,-45.77432,170.60068,7,97.9616311578773
"516",516,45513,2020-11-03 20:56:00,-45.77362,170.6016,4,217.429945313388
"517",517,45513,2020-11-03 23:56:00,-45.77379,170.59789,4,217.429945313388
"518",518,45513,2020-11-04 02:55:59,-45.77512,170.60151,6,102.397393453756
"519",519,45513,2020-11-04 05:55:58,-45.77407,170.60131,4,75.7202998189388
"520",520,45513,2020-11-04 08:55:52,-45.77427,170.60089,7,88.9230390768491
"521",521,45513,2020-11-04 11:55:52,-45.77414,170.60093,7,829.775626987385
"522",522,45513,2020-11-04 14:55:57,-45.77421,170.60225,4,834.438764706398
"523",523,45513,2020-11-04 17:55:57,-45.77562,170.59863,5,612.56507022238
"524",524,45513,2020-11-04 23:55:56,-45.77909,170.59711,4,1662.58798682989
"525",525,45513,2020-11-05 02:55:57,-45.77571,170.61108,5,1151.38445887062
"526",526,45513,2020-11-05 08:55:52,-45.77422,170.60096,7,83.7350421068911
"527",527,45513,2020-11-05 11:55:51,-45.77422,170.60098,6,20.181508533731
"528",528,45513,2020-11-05 14:55:51,-45.77419,170.60082,8,19.0817995625949
"529",529,45513,2020-11-05 17:55:50,-45.77549,170.60053,7,18.6403737772924
"530",530,45513,2020-11-05 23:55:47,-45.7759,170.60179,6,22.4671115995534
"531",531,45513,2020-11-06 08:55:47,-45.77417,170.60085,7,24.5357229076279
"532",532,45513,2020-11-06 11:55:50,-45.77425,170.60091,7,57.4118199502498
"533",533,45513,2020-11-06 14:55:51,-45.77465,170.60306,5,538.140254818608
"534",534,45513,2020-11-06 17:55:50,-45.77431,170.60079,4,1347.79303415364
"535",535,45513,2020-11-06 20:55:50,-45.7817,170.60251,3,1347.79303415364
"536",536,45513,2020-11-06 23:55:44,-45.77542,170.60197,6,497.508731832302
"537",537,45513,2020-11-07 05:55:48,-45.77506,170.60115,5,0.367264440157633
"538",538,45513,2020-11-07 08:55:48,-45.77469,170.60137,4,0.647026478883713
"539",539,45513,2020-11-07 11:55:46,-45.77423,170.60071,6,0.647026478883713
"540",540,45513,2020-11-07 14:55:47,-45.77356,170.60031,4,1.88091619036497
"541",541,45513,2020-11-08 02:55:41,-45.77374,170.5992,7,26.1014299854373
"542",542,45513,2020-11-08 05:55:45,-45.77456,170.5996,5,120.574543266412
"543",543,45513,2020-11-08 08:55:38,-45.77378,170.60155,7,169.682324687782
"544",544,45513,2020-11-08 11:55:42,-45.77436,170.60076,4,161.624388614746
"545",545,45513,2020-11-08 14:55:43,-45.77541,170.60342,6,185.246607980441
"546",546,45513,2020-11-08 17:55:43,-45.77487,170.60043,3,208.307605343345
"547",547,45513,2020-11-08 20:55:42,-45.77594,170.60304,4,110.989881598567
"548",548,45513,2020-11-08 23:55:39,-45.77556,170.60189,7,0.237385613446211
"549",549,45513,2020-11-09 02:55:42,-45.77535,170.60082,5,0.237385613446211
"550",550,45513,2020-11-09 05:55:39,-45.77435,170.60082,4,5.52775172387168e-05
"551",551,45513,2020-11-09 08:55:38,-45.7744,170.60053,5,5.52775172387168e-05
"552",552,45513,2020-11-09 11:55:35,-45.7743,170.60081,8,5.52775172387168e-05
"553",553,45513,2020-11-09 14:55:40,-45.77426,170.60091,6,63.6506395484664
"554",554,45513,2020-11-09 17:55:39,-45.77396,170.60028,4,148.857046265708
"555",555,45513,2020-11-09 20:55:38,-45.77632,170.60126,6,130.815493800771
"556",556,45513,2020-11-10 02:55:38,-45.77401,170.5992,4,127.763584249505
"557",557,45513,2020-11-10 08:55:37,-45.77381,170.60178,4,112.731302803979
"558",558,45513,2020-11-10 11:55:37,-45.77373,170.60139,3,74.1661866409482
"559",559,45513,2020-11-10 17:55:35,-45.7756,170.60172,6,50.5780648419667
"560",560,45513,2020-11-10 20:55:35,-45.77393,170.60114,4,6.9886838390216
"561",561,45513,2020-11-10 23:55:34,-45.77383,170.60118,4,7.68209917297353
"562",562,45513,2020-11-11 08:55:31,-45.77401,170.60037,7,8.79829969199123
"563",563,45513,2020-11-11 11:55:30,-45.77425,170.60044,5,4.71366528360372
"564",564,45513,2020-11-11 14:55:28,-45.77402,170.60035,7,7.23045941702296
"565",565,45513,2020-11-11 20:55:25,-45.77528,170.6024,7,53.0036386938231
"566",566,45513,2020-11-11 23:55:31,-45.77555,170.60192,5,188.407453140805
"567",567,45513,2020-11-12 02:55:31,-45.77284,170.60489,3,208.398018466703
"568",568,45513,2020-11-12 05:55:30,-45.77379,170.60167,3,69.3612093672836
"569",569,45513,2020-11-12 08:55:30,-45.77406,170.60062,5,5.52775172387168e-05
"570",570,45513,2020-11-12 11:55:25,-45.77413,170.60058,5,5.52775172387168e-05
"571",571,45513,2020-11-12 14:55:27,-45.77428,170.60062,5,5.52775172387168e-05
"572",572,45513,2020-11-12 17:55:29,-45.77377,170.60053,3,5.52775172387168e-05
"573",573,45513,2020-11-12 23:55:21,-45.77386,170.60127,6,3.79927521975028
"574",574,45513,2020-11-13 02:55:27,-45.7741,170.60074,5,28.4186661708555
"575",575,45513,2020-11-13 08:55:26,-45.77542,170.60179,5,30.556416672121
"576",576,45513,2020-11-13 11:55:20,-45.77413,170.60097,5,44.705755682189
"577",577,45513,2020-11-13 14:55:24,-45.77411,170.6005,7,84.6001089749471
"578",578,45513,2020-11-13 20:55:24,-45.77404,170.60014,3,232.373180802893
"579",579,45513,2020-11-13 23:55:24,-45.7758,170.60293,4,580.677027446598
"580",580,45513,2020-11-14 02:55:24,-45.7758,170.60924,3,724.670645046594
"581",581,45513,2020-11-14 05:55:23,-45.77383,170.60091,4,490.285309575256
"582",582,45513,2020-11-14 08:55:20,-45.77418,170.60044,6,619.056988933051
"583",583,45513,2020-11-14 11:55:22,-45.76996,170.59957,4,584.886230760908
"584",584,45513,2020-11-14 14:55:19,-45.77415,170.60073,5,130.508961794956
"585",585,45513,2020-11-14 17:55:21,-45.77421,170.60085,5,106.319997971648
"586",586,45513,2020-11-14 23:55:20,-45.77549,170.60206,6,104.05276829707
"587",587,45513,2020-11-15 02:55:19,-45.7743,170.60057,4,2.88155243889599
"588",588,45513,2020-11-15 05:55:20,-45.77372,170.60082,3,1.18805098055311
"589",589,45513,2020-11-15 08:55:17,-45.77426,170.60062,6,0.969153925554741
"590",590,45513,2020-11-15 11:55:15,-45.77418,170.6006,7,5.52775172387168e-05
"591",591,45513,2020-11-15 14:55:16,-45.77418,170.60065,6,5.52775172387168e-05
"592",592,45513,2020-11-15 17:55:18,-45.77435,170.60091,4,26.7575163814072
"593",593,45513,2020-11-15 23:55:14,-45.77538,170.60171,7,43.9742470814389
"594",594,45513,2020-11-16 02:55:16,-45.77403,170.60122,4,43.9742470814389
"595",595,45513,2020-11-16 05:55:10,-45.77487,170.60091,7,46.1043175800481
"596",596,45513,2020-11-16 08:55:11,-45.77423,170.60051,7,23.3159925029805
"597",597,45513,2020-11-16 11:55:13,-45.77423,170.60057,5,21.1197140872277
"598",598,45513,2020-11-16 14:55:15,-45.7742,170.60034,3,49.3679888554614
"599",599,45513,2020-11-16 17:55:13,-45.77545,170.60201,4,50.5389520439648
"600",600,45513,2020-11-17 05:55:12,-45.77339,170.60208,4,48.9001488741481
"601",601,45513,2020-11-17 08:55:12,-45.77431,170.60126,4,46.4070471836558
"602",602,45513,2020-11-17 11:55:10,-45.77402,170.60054,5,32.9022190049219
"603",603,45513,2020-11-17 14:55:11,-45.7742,170.60103,5,219.964454896762
"604",604,45513,2020-11-17 17:55:10,-45.77618,170.60043,6,517.569428125983
"605",605,45513,2020-11-17 20:55:10,-45.77432,170.60779,4,326.330024628827
"606",606,45513,2020-11-18 05:55:08,-45.77365,170.60132,6,297.01556229057
"607",607,45513,2020-11-18 08:55:08,-45.7741,170.60091,6,297.01556229057
"608",608,45513,2020-11-18 11:55:08,-45.77423,170.60105,5,141.151507916955
"609",609,45513,2020-11-18 20:55:06,-45.77321,170.60408,4,292.091659624809
"610",610,45513,2020-11-18 23:55:06,-45.77618,170.60071,5,285.575630973722
"611",611,45513,2020-11-19 14:55:03,-45.77363,170.60138,4,240.21917537084
"612",612,45513,2020-11-19 17:55:03,-45.77278,170.60233,5,172.813472594312
"613",613,45513,2020-11-19 20:54:56,-45.7749,170.60327,6,103.773515715869
"614",614,45513,2020-11-19 23:55:00,-45.77426,170.60076,5,48.5201690227812
"615",615,45513,2020-11-20 05:54:58,-45.77405,170.60025,7,13.1737192874973
"616",616,45513,2020-11-20 08:55:00,-45.77395,170.60117,4,13.1737192874973
"617",617,45513,2020-11-20 11:54:54,-45.77375,170.60158,6,46.9142808045298
"618",618,45513,2020-11-20 14:55:00,-45.77396,170.60159,3,129.128542518655
"619",619,45513,2020-11-20 17:54:59,-45.77499,170.60344,4,163.055731226571
"620",620,45513,2020-11-20 20:54:52,-45.77398,170.60119,5,183.280561054234
"621",621,45513,2020-11-21 02:54:58,-45.77463,170.60334,4,182.52563851262
"622",622,45513,2020-11-21 05:54:58,-45.77509,170.6009,6,182.051708704032
"623",623,45513,2020-11-21 08:54:57,-45.77377,170.60398,4,207.520609429897
"624",624,45513,2020-11-21 14:54:56,-45.77412,170.60081,4,217.057392639211
"625",625,45513,2020-11-21 17:54:55,-45.77346,170.60058,4,191.043324156365
"626",626,45513,2020-11-21 20:54:50,-45.77629,170.60065,4,175.310037881142
"627",627,45513,2020-11-21 23:54:54,-45.77492,170.60213,5,183.115096879534
"628",628,45513,2020-11-22 02:54:54,-45.77613,170.60047,6,154.756554324308
"629",629,45513,2020-11-22 08:54:53,-45.77398,170.60059,6,109.147987848644
"630",630,45513,2020-11-22 11:54:53,-45.77389,170.60081,3,81.682839093571
"631",631,45513,2020-11-22 14:54:50,-45.77561,170.59926,4,77.8490931480993
"632",632,45513,2020-11-22 20:54:51,-45.77406,170.60136,5,160.475392096568
"633",633,45513,2020-11-22 23:54:51,-45.77402,170.60076,5,161.394390082274
"634",634,45513,2020-11-23 05:54:45,-45.77554,170.60183,6,236.226170302799
"635",635,45513,2020-11-23 08:54:47,-45.77421,170.60073,6,502.616573469837
"636",636,45513,2020-11-23 11:54:50,-45.77769,170.60352,3,502.616573469837
"637",637,45513,2020-11-23 14:54:48,-45.7742,170.60054,5,197.728259646658
"638",638,45513,2020-11-23 17:54:48,-45.77428,170.60046,4,2.31998557471994
"639",639,45513,2020-11-23 23:54:47,-45.77414,170.60104,5,2.31998557471994
"640",640,45513,2020-11-24 02:54:47,-45.77395,170.60053,5,0.869444140686913
"641",641,45513,2020-11-24 08:54:46,-45.77411,170.59985,5,0.869444140686913
"642",642,45513,2020-11-24 11:54:42,-45.77426,170.60086,5,1.82254689617428
"643",643,45513,2020-11-24 14:54:45,-45.7742,170.60062,4,20.0021973298796
"644",644,45513,2020-11-24 17:54:45,-45.77436,170.59967,4,89.8825677458451
"645",645,45513,2020-11-24 20:54:42,-45.77614,170.60084,4,107.471437402274
"646",646,45513,2020-11-24 23:54:41,-45.77427,170.6008,5,107.471437402274
"647",647,45513,2020-11-25 02:54:43,-45.77401,170.60032,6,107.463112026951
"648",648,45513,2020-11-25 05:54:36,-45.77532,170.6016,6,36.9764233524042
"649",649,45513,2020-11-25 08:54:43,-45.77432,170.60106,5,1.2162286375926
"650",650,45513,2020-11-25 11:54:42,-45.77409,170.60075,5,1.2162286375926
"651",651,45513,2020-11-25 14:54:40,-45.77425,170.60061,5,1.2162286375926
"652",652,45513,2020-11-25 20:54:41,-45.77611,170.59989,3,96.859260660354
"653",653,45513,2020-11-25 23:54:39,-45.77661,170.6004,5,177.893018639115
"654",654,45513,2020-11-26 02:54:40,-45.77458,170.60082,3,209.026611747884
"655",655,45513,2020-11-26 05:54:38,-45.7764,170.60086,6,270.971992897034
"656",656,45513,2020-11-26 08:54:36,-45.77405,170.60046,5,318.929888242589
"657",657,45513,2020-11-26 14:54:38,-45.77277,170.60259,4,300.847451447224
"658",658,45513,2020-11-26 17:54:37,-45.77473,170.59909,4,297.77658932876
"659",659,45513,2020-11-26 20:54:37,-45.77507,170.60331,3,304.291140147359
"660",660,45513,2020-11-26 23:54:36,-45.77428,170.60083,6,295.985641697188
"661",661,45513,2020-11-27 05:54:36,-45.7764,170.60081,4,245.290824436967
"662",662,45513,2020-11-27 08:54:35,-45.77398,170.60025,6,146.937098780521
"663",663,45513,2020-11-27 11:54:32,-45.77423,170.60062,5,153.020005977906
"664",664,45513,2020-11-27 20:54:27,-45.77613,170.60085,5,117.461477124354
"665",665,45513,2020-11-27 23:54:33,-45.77377,170.60165,3,86.7130391586721
"666",666,45513,2020-11-28 02:54:32,-45.77411,170.60103,5,86.411613516048
"667",667,45513,2020-11-28 05:54:31,-45.77437,170.6011,5,260.514488368864
"668",668,45513,2020-11-28 08:54:32,-45.77431,170.601,3,768.059442519414
"669",669,45513,2020-11-28 11:54:31,-45.76812,170.60296,3,717.594806508405
"670",670,45513,2020-11-28 17:54:30,-45.77422,170.6009,5,217.587921722064
"671",671,45513,2020-11-28 20:54:30,-45.77391,170.60047,4,122.063516654294
"672",672,45513,2020-11-28 23:54:25,-45.77613,170.60084,7,136.532415748763
"673",673,45513,2020-11-29 05:54:27,-45.77527,170.59993,4,96.7029581428802
"674",674,45513,2020-11-29 08:54:24,-45.77621,170.60064,7,85.2594337594214
"675",675,45513,2020-11-29 11:54:27,-45.77493,170.60282,5,62.213906924306
"676",676,45513,2020-11-29 14:54:26,-45.77437,170.60056,4,81.1219108946948
"677",677,45513,2020-11-29 17:54:27,-45.77361,170.59997,4,74.4635447879403
"678",678,45513,2020-11-29 20:54:21,-45.77429,170.6005,6,63.5649701097315
"679",679,45513,2020-11-29 23:54:26,-45.77551,170.59915,5,61.6625242461116
"680",680,45513,2020-11-30 02:54:25,-45.77431,170.60072,6,12.7289977628087
"681",681,45513,2020-11-30 08:54:24,-45.7742,170.60065,6,19.0248650451255
"682",682,45513,2020-11-30 11:54:23,-45.77457,170.60064,4,19.0248650451255
"683",683,45513,2020-11-30 14:54:22,-45.77411,170.6008,6,40.4721917530441
"684",684,45513,2020-11-30 17:54:20,-45.77416,170.60084,7,104.713525281457
"685",685,45513,2020-11-30 20:54:22,-45.77244,170.60244,4,92.7845304705175
"686",686,45513,2020-11-30 23:54:22,-45.77435,170.60163,4,36.8705296687376
"687",687,45513,2020-12-01 08:54:14,-45.77405,170.60081,7,35.4890418634969
"688",688,45513,2020-12-01 11:54:20,-45.77377,170.60113,3,35.4890418634969
"689",689,45513,2020-12-01 17:54:19,-45.77497,170.60091,5,108.056717895861
"690",690,45513,2020-12-01 23:54:19,-45.77408,170.60063,3,269.05416621724
"691",691,45513,2020-12-02 02:54:17,-45.77496,170.60614,4,169.324836325529
"692",692,45513,2020-12-02 05:54:16,-45.77475,170.60295,4,21.7016849096229
"693",693,45513,2020-12-02 08:54:17,-45.77418,170.60083,4,21.7016849096229
"694",694,45513,2020-12-02 11:54:13,-45.77408,170.60088,6,45.9655191712759
"695",695,45513,2020-12-02 14:54:16,-45.77403,170.60086,4,124.025225479315
"696",696,45513,2020-12-02 17:54:09,-45.77533,170.59881,6,134.047183570327
"697",697,45513,2020-12-02 20:54:13,-45.77522,170.60217,5,73.8082638526112
"698",698,45513,2020-12-02 23:54:15,-45.77421,170.60082,3,87.9718468993249
"699",699,45513,2020-12-03 05:54:14,-45.77429,170.6014,4,87.5966632499804
"700",700,45513,2020-12-03 08:54:13,-45.77564,170.59932,6,45.3498330233368
"701",701,45513,2020-12-03 11:54:06,-45.77684,170.59929,6,42.3401357011418
"702",702,45513,2020-12-03 14:54:11,-45.77698,170.59954,7,32.5469900125275
"703",703,45513,2020-12-03 17:54:07,-45.77551,170.59987,7,287.485577420907
"704",704,45513,2020-12-03 20:54:11,-45.77495,170.60289,7,773.293059793627
"705",705,45513,2020-12-03 23:54:12,-45.77942,170.60611,3,695.27125495142
"706",706,45513,2020-12-04 02:54:10,-45.77549,170.6,7,283.304073995721
"707",707,45513,2020-12-04 05:54:04,-45.77426,170.60191,7,264.238963465736
"708",708,45513,2020-12-04 08:54:07,-45.77422,170.6009,8,264.238963465736
"709",709,45513,2020-12-04 11:54:09,-45.77628,170.60075,5,253.948610972818
"710",710,45513,2020-12-04 14:54:09,-45.7742,170.60043,4,925.757908408238
"711",711,45513,2020-12-04 17:54:09,-45.7683,170.59723,3,989.101609458447
"712",712,45513,2020-12-04 20:54:08,-45.77406,170.60135,4,235.460697492293
"713",713,45513,2020-12-04 23:54:07,-45.77498,170.60057,4,28.586321119231
"714",714,45513,2020-12-05 05:54:06,-45.7742,170.60138,5,28.2369680331469
"715",715,45513,2020-12-05 08:54:04,-45.7741,170.60081,5,28.2369680331469
"716",716,45513,2020-12-05 11:54:05,-45.77406,170.60081,5,20.84414171638
"717",717,45513,2020-12-05 14:54:02,-45.77624,170.6007,6,124.159861885697
"718",718,45513,2020-12-05 17:54:05,-45.7776,170.59914,5,420.434399428782
"719",719,45513,2020-12-05 20:54:04,-45.77747,170.60588,3,349.115170508524
"720",720,45513,2020-12-05 23:54:03,-45.77664,170.60152,4,100.378056261861
"721",721,45513,2020-12-06 02:54:04,-45.77571,170.59989,3,83.9255423885371
"722",722,45513,2020-12-06 05:54:03,-45.77522,170.60276,6,83.9255423885371
"723",723,45513,2020-12-06 08:54:02,-45.77413,170.60133,5,56.6181599452861
"724",724,45513,2020-12-06 14:54:01,-45.77425,170.60105,4,14.2298833488511
"725",725,45513,2020-12-06 20:53:54,-45.77577,170.60084,7,16.2235875677295
"726",726,45513,2020-12-06 23:53:55,-45.77598,170.60025,8,9.61854056553971
"727",727,45513,2020-12-07 05:53:59,-45.77433,170.59978,4,11.8742192252906
"728",728,45513,2020-12-07 08:53:53,-45.77413,170.59882,8,12.33547422906
"729",729,45513,2020-12-07 11:53:55,-45.77431,170.59995,6,174.506779069094
"730",730,45513,2020-12-07 14:53:58,-45.77427,170.60001,5,406.104985229763
"731",731,45513,2020-12-07 17:53:52,-45.77535,170.59419,6,369.112046268431
"732",732,45513,2020-12-07 20:53:54,-45.77721,170.59587,4,369.112046268431
"733",733,45513,2020-12-07 23:53:57,-45.7747,170.60054,3,361.933903831787
"734",734,45513,2020-12-08 02:53:56,-45.77632,170.6006,5,262.531764697068
"735",735,45513,2020-12-08 08:53:55,-45.77495,170.60296,6,163.258855173226
"736",736,45513,2020-12-08 11:53:55,-45.77496,170.60298,6,187.745396764639
"737",737,45513,2020-12-08 14:53:52,-45.77498,170.60294,5,374.415592203167
"738",738,45513,2020-12-08 17:53:52,-45.77351,170.59691,6,374.415592203167
"739",739,45513,2020-12-08 23:53:52,-45.77108,170.59961,4,374.415592203167
"740",740,45513,2020-12-09 02:53:50,-45.77333,170.60282,4,315.610037036164
"741",741,45513,2020-12-09 08:53:52,-45.77418,170.60087,4,164.276014867108
"742",742,45513,2020-12-09 11:53:51,-45.7743,170.60069,6,206.936584923133
"743",743,45513,2020-12-09 14:53:51,-45.77454,170.60123,4,585.942903441185
"744",744,45513,2020-12-09 17:53:50,-45.77436,170.59578,5,778.097565766476
"745",745,45513,2020-12-09 20:53:50,-45.77376,170.60127,6,778.097565766476
"746",746,45513,2020-12-10 02:53:48,-45.77437,170.60252,5,863.665988419015
"747",747,45513,2020-12-10 05:53:48,-45.77634,170.5951,5,657.289282760359
"748",748,45513,2020-12-10 11:53:47,-45.77386,170.60103,4,653.137845206569
"749",749,45513,2020-12-10 14:53:45,-45.77214,170.60347,4,636.590618980553
"750",750,45513,2020-12-10 17:53:46,-45.77624,170.60058,6,413.848958386878
"751",751,45513,2020-12-10 20:53:46,-45.7753,170.60286,5,413.848958386878
"752",752,45513,2020-12-10 23:53:45,-45.77624,170.60029,6,284.60419752699
"753",753,45513,2020-12-11 05:53:45,-45.77343,170.60171,5,69.6801444528758
"754",754,45513,2020-12-11 14:53:42,-45.77399,170.60168,6,41.9413906329017
"755",755,45513,2020-12-11 20:53:36,-45.77547,170.60178,7,41.9413906329017
"756",756,45513,2020-12-11 23:53:42,-45.77513,170.60283,4,12.2159104893221
"757",757,45513,2020-12-12 11:53:34,-45.77382,170.60113,6,117.064394655657
"758",758,45513,2020-12-12 17:53:39,-45.77391,170.60002,5,317.626629407823
"759",759,45513,2020-12-12 20:53:39,-45.77495,170.60314,4,336.326733485986
"760",760,45513,2020-12-12 23:53:36,-45.77445,170.59941,7,276.315884435894
"761",761,45513,2020-12-13 02:53:39,-45.77637,170.60045,5,300.363602364994
"762",762,45513,2020-12-13 05:53:37,-45.77338,170.60133,4,246.048961008356
"763",763,45513,2020-12-13 08:53:37,-45.77476,170.60074,5,265.508799375679
"764",764,45513,2020-12-13 11:53:37,-45.77424,170.60069,6,210.983902599364
"765",765,45513,2020-12-13 14:53:36,-45.77428,170.60061,5,215.516813707563
"766",766,45513,2020-12-13 17:53:32,-45.77523,170.59717,6,341.072101894448
"767",767,45513,2020-12-13 20:53:35,-45.7751,170.60287,4,189.901363899981
"768",768,45513,2020-12-14 08:53:33,-45.77334,170.59985,7,243.746993549868
"769",769,45513,2020-12-14 11:53:30,-45.77336,170.59984,7,375.740260002165
"770",770,45513,2020-12-14 14:53:33,-45.77341,170.59991,3,349.03288781143
"771",771,45513,2020-12-14 17:53:29,-45.77524,170.59726,7,349.03288781143
"772",772,45513,2020-12-14 20:53:31,-45.77227,170.6013,4,187.441884178409
"773",773,45513,2020-12-15 05:53:30,-45.77439,170.60183,5,266.999900377795
"774",774,45513,2020-12-15 08:53:30,-45.77517,170.60308,6,472.925993739209
"775",775,45513,2020-12-15 11:53:29,-45.77518,170.60302,5,771.247339497096
"776",776,45513,2020-12-15 14:53:29,-45.77708,170.6057,3,830.772286728758
"777",777,45513,2020-12-15 17:53:29,-45.77619,170.59883,3,822.270455757948
"778",778,45513,2020-12-15 23:53:26,-45.77421,170.60233,6,909.446808037097
"779",779,45513,2020-12-16 02:53:27,-45.77798,170.59591,3,951.206609777297
"780",780,45513,2020-12-16 05:53:26,-45.77547,170.59389,7,936.065335922541
"781",781,45513,2020-12-16 08:53:20,-45.77392,170.60287,7,414.099523448281
"782",782,45513,2020-12-16 11:53:26,-45.77354,170.60323,3,200.772914788748
"783",783,45513,2020-12-16 17:53:19,-45.77525,170.60012,5,200.772914788748
"784",784,45513,2020-12-16 20:53:21,-45.77624,170.60062,8,118.919118813052
"785",785,45513,2020-12-16 23:53:23,-45.77442,170.6015,6,324.439738482482
"786",786,45513,2020-12-17 05:53:18,-45.77461,170.59543,6,618.323188568088
"787",787,45513,2020-12-17 11:53:22,-45.77932,170.60489,4,817.320719442368
"788",788,45513,2020-12-17 20:53:20,-45.77337,170.60176,6,927.782758522919
"789",789,45513,2020-12-17 23:53:19,-45.77423,170.60061,7,787.368777327492
"790",790,45513,2020-12-18 02:53:20,-45.77014,170.59632,4,662.954983979399
"791",791,45513,2020-12-18 05:53:19,-45.77461,170.59522,7,769.799742247895
"792",792,45513,2020-12-18 08:53:19,-45.77378,170.60137,5,469.319268391956
"793",793,45513,2020-12-18 11:53:16,-45.77403,170.60121,6,162.102724876175
"794",794,45513,2020-12-18 14:53:18,-45.77413,170.60079,4,232.943109777035
"795",795,45513,2020-12-18 17:53:17,-45.77354,170.60303,5,203.974708991006
"796",796,45513,2020-12-18 20:53:17,-45.77415,170.6004,5,174.413507269059
"797",797,45513,2020-12-18 23:53:17,-45.77567,170.6034,5,201.579302142534
"798",798,45513,2020-12-19 02:53:16,-45.77369,170.60343,5,131.532927126858
"799",799,45513,2020-12-19 05:53:10,-45.77416,170.60042,8,75.688086536147
"800",800,45513,2020-12-19 08:53:09,-45.77424,170.60038,5,75.688086536147
"801",801,45513,2020-12-19 14:53:11,-45.7736,170.60032,7,60.252995416645
"802",802,45513,2020-12-19 17:53:14,-45.77434,170.5995,4,1514.2553041837
"803",803,45513,2020-12-19 20:53:11,-45.7766,170.59468,6,3455.73220516387
"804",804,45513,2020-12-19 23:53:14,-45.7777,170.61411,3,3455.73220516387
"805",805,45513,2020-12-20 05:53:12,-45.77434,170.60092,7,1518.44939084019
"806",806,45513,2020-12-20 08:53:11,-45.77481,170.60308,5,80.4095385568365
"807",807,45513,2020-12-20 11:53:11,-45.77487,170.60311,3,88.4884224064224
"808",808,45513,2020-12-20 17:53:11,-45.7757,170.59909,3,96.1763515420719
"809",809,45513,2020-12-20 23:53:09,-45.77604,170.6008,5,96.1214800016271
"810",810,45513,2020-12-21 02:53:09,-45.77415,170.60021,5,109.083921726015
"811",811,45513,2020-12-21 05:53:05,-45.77464,170.60207,8,99.9102086632973
"812",812,45513,2020-12-21 08:53:04,-45.77411,170.60021,5,81.620979708889
"813",813,45513,2020-12-21 11:53:05,-45.77412,170.60041,6,45.4532937183573
"814",814,45513,2020-12-21 14:53:06,-45.77431,170.60023,5,216.042163284505
"815",815,45513,2020-12-21 20:53:00,-45.77425,170.60092,7,435.609880895867
"816",816,45513,2020-12-21 23:53:05,-45.77397,170.60472,5,435.609880895867
"817",817,45513,2020-12-22 02:53:05,-45.77616,170.59876,5,211.830319135487
"818",818,45513,2020-12-22 08:53:04,-45.77416,170.60012,5,2.83781019006147
"819",819,45513,2020-12-22 11:52:59,-45.77405,170.60058,6,2.83781019006147
"820",820,45513,2020-12-22 14:53:02,-45.77441,170.6009,4,2.83781019006147
"821",821,45513,2020-12-22 20:53:03,-45.77448,170.6007,4,101.267076710475
"822",822,45513,2020-12-23 02:53:01,-45.77356,170.60158,4,238.114925443521
"823",823,45513,2020-12-23 05:53:01,-45.77622,170.60188,3,208.105175951517
"824",824,45513,2020-12-23 08:53:01,-45.77381,170.60123,4,172.376598441244
"825",825,45513,2020-12-23 14:52:57,-45.77457,170.59756,3,144.035581187172
"826",826,45513,2020-12-23 20:52:58,-45.77619,170.59929,4,76.3560399661565
"827",827,45513,2020-12-24 05:52:57,-45.77617,170.60063,5,67.5677784637416
"828",828,45513,2020-12-24 11:52:57,-45.77347,170.60163,4,63.8212934848428
"829",829,45513,2020-12-24 14:52:55,-45.77355,170.60147,4,69.0241758986594
"830",830,45513,2020-12-24 23:52:55,-45.77656,170.60028,3,57.3325892606131
"831",831,45513,2020-12-25 02:52:54,-45.77523,170.6,5,65.6533406188732
"832",832,45513,2020-12-25 05:52:54,-45.7764,170.60088,6,75.754630681553
"833",833,45513,2020-12-25 08:52:53,-45.77612,170.59999,5,46.4973302298672
"834",834,45513,2020-12-25 11:52:53,-45.77588,170.60026,6,58.5306432023499
"835",835,45513,2020-12-25 20:52:51,-45.77542,170.60293,4,62.561703800072
"836",836,45513,2020-12-26 05:52:46,-45.77473,170.6005,7,55.4228733805937
"837",837,45513,2020-12-26 08:52:46,-45.77594,170.6006,6,55.4228733805937
"838",838,45513,2020-12-26 11:52:43,-45.77499,170.60265,6,71.1304247955328
"839",839,45513,2020-12-26 14:52:48,-45.77467,170.60276,5,124.678555749635
"840",840,45513,2020-12-26 20:52:47,-45.77644,170.60059,6,108.976348660971
"841",841,45513,2020-12-26 23:52:47,-45.77457,170.60253,6,103.553825957501
"842",842,45513,2020-12-27 05:52:41,-45.77438,170.60045,6,169.204222672946
"843",843,45513,2020-12-27 11:52:46,-45.7744,170.60041,3,377.718676926338
"844",844,45513,2020-12-27 20:52:41,-45.77643,170.60057,6,474.768194957224
"845",845,45513,2020-12-28 02:52:44,-45.77404,170.60107,5,474.768194957224
"846",846,45513,2020-12-28 05:52:43,-45.77446,170.59546,7,437.955840534943
"847",847,45513,2020-12-28 08:52:42,-45.77506,170.6007,5,199.485295826697
"848",848,45513,2020-12-28 14:52:42,-45.77459,170.60003,4,147.326778323828
"849",849,45513,2020-12-28 20:52:41,-45.77351,170.60193,3,290.673092122675
"850",850,45513,2020-12-29 02:52:43,-45.77522,170.59857,5,256.678318216251
"851",851,45513,2020-12-29 05:52:39,-45.77455,170.59974,5,304.151136416196
"852",852,45513,2020-12-29 08:52:38,-45.77663,170.60091,5,1094.11333853282
"853",853,45513,2020-12-29 14:52:39,-45.77416,170.61446,3,1231.72663563479
"854",854,45513,2020-12-29 20:52:35,-45.77551,170.60127,6,531.246318902901
"855",855,45513,2020-12-29 23:52:37,-45.77658,170.60232,4,566.407942997851
"856",856,45513,2020-12-30 05:52:32,-45.77465,170.59511,7,539.580157828057
"857",857,45513,2020-12-30 08:52:33,-45.77524,170.60054,7,192.095130308626
"858",858,45513,2020-12-30 14:52:35,-45.77528,170.60055,4,207.715125833496
"859",859,45513,2020-12-30 17:52:34,-45.77517,170.60341,5,207.715125833496
"860",860,45513,2020-12-30 20:52:27,-45.77431,170.60181,7,202.103128970703
"861",861,45513,2020-12-30 23:52:33,-45.77639,170.6006,5,1520.80781371578
"862",862,45513,2020-12-31 02:52:33,-45.77777,170.60651,3,3142.13763331841
"863",863,45513,2020-12-31 05:52:32,-45.76905,170.59181,8,1837.02984122117
"864",864,45513,2020-12-31 23:52:30,-45.77625,170.60059,5,79.1078506584989
"865",865,45513,2021-01-01 05:52:28,-45.77557,170.59994,5,78.3385615986156
"866",866,45513,2021-01-01 08:52:22,-45.77393,170.60041,5,78.3385615986156
"867",867,45513,2021-01-01 11:52:28,-45.77435,170.59986,5,104.663360583824
"868",868,45513,2021-01-01 14:52:26,-45.77404,170.60016,5,301.123445790427
"869",869,45513,2021-01-01 17:52:26,-45.77662,170.60031,5,346.141080505804
"870",870,45513,2021-01-02 11:52:24,-45.77627,170.60109,5,386.666449877652
"871",871,45513,2021-01-02 17:52:24,-45.77292,170.60727,3,422.320439914588
"872",872,45513,2021-01-02 20:52:17,-45.77254,170.60302,7,423.642780572375
"873",873,45513,2021-01-02 23:52:22,-45.77661,170.60031,4,255.715270273645
"874",874,45513,2021-01-03 02:52:22,-45.77492,170.60106,6,221.783058103636
"875",875,45513,2021-01-03 08:52:22,-45.77199,170.60102,3,221.783058103636
"876",876,45513,2021-01-03 11:52:15,-45.77356,170.60142,7,100.495026355176
"877",877,45513,2021-01-03 14:52:17,-45.77358,170.6014,7,246.690258802514
"878",878,45513,2021-01-03 17:52:19,-45.77426,170.59981,4,274.540215107148
"879",879,45513,2021-01-03 20:52:19,-45.77507,170.60354,3,274.540215107148
"880",880,45513,2021-01-04 05:52:18,-45.77291,170.6004,3,239.712071110915
"881",881,45513,2021-01-04 08:52:17,-45.77498,170.60327,5,181.196066353139
"882",882,45513,2021-01-04 11:52:14,-45.77509,170.60284,5,147.358815662908
"883",883,45513,2021-01-04 14:52:16,-45.77492,170.60296,5,98.8930461227627
"884",884,45513,2021-01-04 17:52:15,-45.7742,170.60095,5,85.9520846242303
"885",885,45513,2021-01-04 20:52:15,-45.77478,170.60342,4,85.3653883755034
"886",886,45513,2021-01-05 05:52:13,-45.77416,170.60115,6,96.9763230043835
"887",887,45513,2021-01-05 08:52:13,-45.77416,170.60126,7,73.1927678659441
"888",888,45513,2021-01-05 11:52:07,-45.77615,170.60026,6,34.5438517101548
"889",889,45513,2021-01-05 14:52:13,-45.77588,170.60046,5,14.9640851408762
"890",890,45513,2021-01-05 20:52:06,-45.77625,170.60052,6,5.3789833395689
"891",891,45513,2021-01-06 02:52:11,-45.77616,170.60078,6,5.3789833395689
"892",892,45513,2021-01-06 08:52:10,-45.77701,170.59897,3,7.09099704962826
"893",893,45513,2021-01-06 11:52:07,-45.77654,170.59902,7,313.243053556093
"894",894,45513,2021-01-06 14:52:09,-45.77646,170.59893,5,1242.4374667438
"895",895,45513,2021-01-06 17:52:08,-45.76893,170.59918,4,1214.57560009754
"896",896,45513,2021-01-06 20:52:08,-45.77406,170.60348,5,969.264179737687
"897",897,45513,2021-01-07 02:52:08,-45.77725,170.60968,3,824.870912614525
"898",898,45513,2021-01-07 14:52:05,-45.77397,170.6013,4,399.5413019283
"899",899,45513,2021-01-07 17:52:04,-45.77724,170.59914,5,503.092365831328
"900",900,45513,2021-01-07 23:52:04,-45.77637,170.60056,4,407.550956043618
"901",901,45513,2021-01-08 02:52:03,-45.77406,170.60078,5,414.917732355777
"902",902,45513,2021-01-08 05:51:57,-45.77434,170.59605,7,354.582799635234
"903",903,45513,2021-01-08 08:51:56,-45.77407,170.6018,5,180.467284668982
"904",904,45513,2021-01-08 11:52:02,-45.77379,170.60146,4,145.990924795517
"905",905,45513,2021-01-08 14:51:59,-45.77395,170.60169,6,160.346238914095
"906",906,45513,2021-01-08 17:52:02,-45.77457,170.60419,6,129.928494158658
"907",907,45513,2021-01-08 20:52:00,-45.7745,170.60072,7,129.928494158658
"908",908,45513,2021-01-08 23:52:00,-45.77468,170.60092,4,142.147617845151
"909",909,45513,2021-01-09 02:52:00,-45.7767,170.60032,5,64.6251159488347
"910",910,45513,2021-01-09 08:51:53,-45.77611,170.60024,7,39.330252627377
"911",911,45513,2021-01-09 14:51:58,-45.7761,170.60003,6,433.088834122006
"912",912,45513,2021-01-09 17:51:57,-45.7755,170.59938,4,1540.80496555226
"913",913,45513,2021-01-09 20:51:57,-45.77764,170.59625,5,1939.10175570373
"914",914,45513,2021-01-09 23:51:56,-45.77457,170.60091,4,1939.10175570373
"915",915,45513,2021-01-10 05:51:51,-45.77367,170.58874,6,1939.10175570373
"916",916,45513,2021-01-10 08:51:51,-45.77396,170.60053,6,814.140851736165
"917",917,45513,2021-01-10 20:51:54,-45.77334,170.6018,3,44.9380299062867
"918",918,45513,2021-01-11 05:51:52,-45.77321,170.6014,7,40.6322714331667
"919",919,45513,2021-01-11 08:51:51,-45.77482,170.60324,6,11.6917324761695
"920",920,45513,2021-01-11 11:51:49,-45.77459,170.60381,4,16.8000474971251
"921",921,45513,2021-01-11 14:51:51,-45.7752,170.60297,3,20.0188862719738
"922",922,45513,2021-01-11 17:51:50,-45.7751,170.60237,4,12.2036854803474
"923",923,45513,2021-01-11 23:51:49,-45.77372,170.60131,4,18.5692835884552
"924",924,45513,2021-01-12 02:51:49,-45.77405,170.60159,3,126.366732656415
"925",925,45513,2021-01-12 05:51:48,-45.77442,170.59974,6,133.527836060801
"926",926,45513,2021-01-12 08:51:48,-45.77342,170.60114,4,165.427577635307
"927",927,45513,2021-01-12 14:51:48,-45.77469,170.60321,3,301.710731703867
"928",928,45513,2021-01-12 17:51:47,-45.77398,170.59899,6,308.758813131677
"929",929,45513,2021-01-12 20:51:43,-45.77519,170.60326,6,314.784966590977
"930",930,45513,2021-01-12 23:51:46,-45.7739,170.60133,4,287.318506101272
"931",931,45513,2021-01-13 02:51:40,-45.77627,170.60063,7,182.028691089938
"932",932,45513,2021-01-13 05:51:45,-45.77597,170.60214,6,114.620281367973
"933",933,45513,2021-01-13 08:51:39,-45.77431,170.60085,5,100.822372615795
"934",934,45513,2021-01-13 11:51:41,-45.77587,170.60067,7,92.3699896837061
"935",935,45513,2021-01-13 14:51:42,-45.77596,170.60066,6,85.1269418762778
"936",936,45513,2021-01-13 17:51:38,-45.77485,170.60102,8,91.9262781280153
"937",937,45513,2021-01-13 20:51:40,-45.77678,170.60099,5,88.2253585700358
"938",938,45513,2021-01-13 23:51:37,-45.77615,170.60077,6,148.73769358678
"939",939,45513,2021-01-14 02:51:42,-45.77405,170.60198,7,133.944131187471
"940",940,45513,2021-01-14 05:51:40,-45.7755,170.60195,7,124.034917112856
"941",941,45513,2021-01-14 08:51:39,-45.77718,170.60062,4,116.785975437499
"942",942,45513,2021-01-14 11:51:39,-45.77425,170.60099,6,101.681060990827
"943",943,45513,2021-01-14 14:51:40,-45.77329,170.60063,4,115.928151189463
"944",944,45513,2021-01-14 17:51:33,-45.77395,170.60126,7,95.333112138935
"945",945,45513,2021-01-14 20:51:39,-45.77492,170.60293,6,143.073453396595
"946",946,45513,2021-01-14 23:51:36,-45.77437,170.60117,5,141.192938949918
"947",947,45513,2021-01-15 05:51:37,-45.77501,170.60296,7,139.606496926962
"948",948,45513,2021-01-15 08:51:33,-45.77418,170.59932,6,129.654071881829
"949",949,45513,2021-01-15 14:51:36,-45.77432,170.60036,6,118.079249150259
"950",950,45513,2021-01-15 17:51:33,-45.77436,170.59893,7,91.0667866176703
"951",951,45513,2021-01-15 20:51:31,-45.77466,170.60166,8,33.4688887051816
"952",952,45513,2021-01-15 23:51:36,-45.77396,170.60171,3,31.161109510444
"953",953,45513,2021-01-16 02:51:35,-45.77408,170.60309,4,29.409829162059
"954",954,45513,2021-01-16 05:51:30,-45.77425,170.60096,8,46.7302321805256
"955",955,45513,2021-01-16 08:51:27,-45.77419,170.59934,6,46.7302321805256
"956",956,45513,2021-01-16 11:51:33,-45.77413,170.59958,6,51.779344555673
"957",957,45513,2021-01-16 14:51:28,-45.77406,170.5996,6,274.32761932546
"958",958,45513,2021-01-16 17:51:32,-45.77441,170.59501,4,274.772330982746
"959",959,45513,2021-01-16 20:51:26,-45.77407,170.60038,7,274.772330982746
"960",960,45513,2021-01-16 23:51:31,-45.77391,170.60177,6,296.676239097811
"961",961,45513,2021-01-17 02:51:27,-45.77414,170.60031,6,86.5288559644996
"962",962,45513,2021-01-17 05:51:29,-45.77421,170.60078,8,163.953391309111
"963",963,45513,2021-01-17 08:51:30,-45.77412,170.60094,6,459.663028901313
"964",964,45513,2021-01-17 11:51:30,-45.7783,170.60113,3,437.569413519963
"965",965,45513,2021-01-17 14:51:30,-45.77411,170.60119,3,167.787882817588
"966",966,45513,2021-01-17 17:51:27,-45.7742,170.60082,6,143.544018413367
"967",967,45513,2021-01-17 20:51:28,-45.77396,170.60291,4,180.897653954416
"968",968,45513,2021-01-17 23:51:22,-45.77415,170.60039,7,138.570960528706
"969",969,45513,2021-01-18 05:51:27,-45.77398,170.60184,3,165.870761890976
"970",970,45513,2021-01-18 08:51:27,-45.77615,170.60045,4,143.821394037403
"971",971,45513,2021-01-18 11:51:26,-45.77426,170.601,6,63.0322940586051
"972",972,45513,2021-01-18 14:51:19,-45.77418,170.60087,6,37.4278090781691
"973",973,45513,2021-01-18 17:51:20,-45.77418,170.60091,7,41.1819733469811
"974",974,45513,2021-01-18 20:51:24,-45.77412,170.60332,7,42.2738160634711
"975",975,45513,2021-01-19 05:51:23,-45.77474,170.60195,4,73.939977049523
"976",976,45513,2021-01-19 08:51:23,-45.77414,170.60117,5,96.9290332011888
"977",977,45513,2021-01-19 14:51:20,-45.77389,170.60168,5,145.664350086847
"978",978,45513,2021-01-19 17:51:21,-45.77491,170.60365,7,151.570433157067
"979",979,45513,2021-01-19 20:51:21,-45.7732,170.6017,4,151.570433157067
"980",980,45513,2021-01-19 23:51:18,-45.7748,170.60009,4,165.133639155133
"981",981,45513,2021-01-20 02:51:20,-45.77398,170.60176,5,101.025962964813
"982",982,45513,2021-01-20 11:51:19,-45.77392,170.60169,5,116.326276587464
"983",983,45513,2021-01-20 14:51:19,-45.77365,170.60142,4,211.244739236708
"984",984,45513,2021-01-20 17:51:12,-45.77627,170.60069,7,238.109470597368
"985",985,45513,2021-01-20 20:51:15,-45.77388,170.60346,7,106.824408136388
"986",986,45513,2021-01-20 23:51:17,-45.77378,170.60146,4,5.87475686680518
"987",987,45513,2021-01-21 08:51:16,-45.77411,170.60065,6,17.6058695170424
"988",988,45513,2021-01-21 11:51:15,-45.77403,170.60077,5,17.6058695170424
"989",989,45513,2021-01-21 14:51:12,-45.77426,170.60069,6,21.8254326785097
"990",990,45513,2021-01-21 17:51:14,-45.77424,170.60091,4,107.456593800639
"991",991,45513,2021-01-21 20:51:14,-45.77556,170.60394,4,105.243432632225
"992",992,45513,2021-01-22 02:51:13,-45.77427,170.6008,6,25.0545301639844
"993",993,45513,2021-01-22 05:51:09,-45.77367,170.60033,7,9.30058359988351
"994",994,45513,2021-01-22 08:51:12,-45.77369,170.60169,3,11.3084060963784
"995",995,45513,2021-01-22 11:51:12,-45.77426,170.60097,4,12.3853760416411
"996",996,45513,2021-01-22 14:51:07,-45.7742,170.60082,6,8.15547022584907
"997",997,45513,2021-01-22 17:51:10,-45.77434,170.60063,6,30.1194341770354
"998",998,45513,2021-01-22 20:51:09,-45.77589,170.60036,6,28.6977251441956
"999",999,45513,2021-01-23 02:51:09,-45.77443,170.60058,8,3.59698788102147
"1000",1000,45513,2021-01-23 05:51:09,-45.7741,170.60139,7,NA
"1001",1001,45513,2021-01-23 08:51:09,-45.77393,170.60153,5,NA
"1002",1002,45513,2021-01-23 11:51:08,-45.77393,170.60162,5,NA
